<?xml version="1.0" encoding="UTF-8"?>
<!DOCTYPE suite SYSTEM "http://testng.org/testng-1.0.dtd" >

<suite name="InetBanking6">

	<listeners>		
		<listener class-name="com.inetbanking.utilities.Reporting" />		
	</listeners>

	<test name="BankingApp Test">
		<parameter name="browser" value="chrome" />
		<classes>
			<!-- <class name="com.inetbanking.testCases.TC_LoginTest_001" /> --> <!-- Normal login test case -->
			<!-- <class name="com.inetbanking.testCases.TC_LoginDDT_002" />  --> <!-- Actual data driven test case -->
			<class name="com.inetbanking.testCases.TC_AddCustomerTest_003" />
		</classes>	
	</test>

	

</suite>

